{"cameraMode":{"drawMode":0,"name":"Shaded","section":"Shading Mode"},"sceneLighting":true,"audioPlay":false,"sceneViewState":{"m_AlwaysRefresh":false,"showFog":true,"showSkybox":true,"showFlares":true,"showImageEffects":true,"showParticleSystems":true,"showVisualEffectGraphs":true,"m_FxEnabled":true},"in2DMode":false,"pivot":{"x":0.43401822447776797,"y":3.3369879722595217,"z":0.2458944320678711},"rotation":{"x":0.11312278360128403,"y":-0.023843638598918916,"z":0.0027154474519193174,"w":0.9932910799980164},"size":4.466025352478027,"orthographic":false}