{"cameraMode":{"drawMode":0,"name":"Shaded","section":"Shading Mode"},"sceneLighting":true,"audioPlay":false,"sceneViewState":{"showFog":false,"showMaterialUpdate":false,"showSkybox":false,"showFlares":false,"showImageEffects":false,"showParticleSystems":false},"in2DMode":false,"pivot":{"x":-5.532703399658203,"y":19.104103088378908,"z":324.3770446777344},"rotation":{"x":0.24739277362823487,"y":-0.17755106091499329,"z":0.04616870358586311,"w":0.9513919949531555},"size":187.3243408203125,"orthographic":false}