{"cameraMode":{"drawMode":0,"name":"Shaded","section":"Shading Mode"},"sceneLighting":true,"audioPlay":false,"sceneViewState":{"showFog":false,"showMaterialUpdate":false,"showSkybox":true,"showFlares":false,"showImageEffects":false,"showParticleSystems":false},"in2DMode":false,"pivot":{"x":-0.9426536560058594,"y":0.29146766662597659,"z":0.7386627197265625},"rotation":{"x":-0.0743119940161705,"y":0.9218281507492065,"z":-0.22149676084518434,"w":-0.3092729449272156},"size":8.200705528259278,"orthographic":false}